<?xml version="1.0" encoding="UTF-8"?>
<Mapping>
  <GherkinStep pattern="Apollo simulator is stopped">
    <TestStep fullName="TitanTest.Common.TestModule.ApolloSimulatorStopped">      
      <Parameter name="CoveredRequirements" value="AT-TTN-1427;AT-TTN-558"/>
    </TestStep>
  </GherkinStep>
  <GherkinStep pattern="Misbehaviour induced into titan for hardware , firmware and protocol mismatch type FirmwareMajorVer (.*),FirmwareMinorVer (.*),HardwareMajorVer (.*),HardwareMinorVer (.*),ProtocolMajVer (.*)">
    <TestStep fullName="TitanTest.ConfigurationTest.TestModule.SetUpApolloMisbehaviourFWHWProtcl">
      <Parameter name="FirmwareMajorVer" value="{1}" />
      <Parameter name="FirmwareMinorVer" value="{2}" />
      <Parameter name="HardwareMajorVer" value="{3}" />
      <Parameter name="HardwareMinorVer" value="{4}" />
      <Parameter name="ProtocolMajVer"   value="{5}" />
   </TestStep>
  </GherkinStep>
  <GherkinStep pattern="Apollo simulator is started">
	 <TestStep fullName="TitanTest.Common.TestModule.ApolloSimulatorIsStarted">
	  <Parameter name="CoveredRequirements" value="AT-TTN-1427;AT-TTN-558"/>
	 </TestStep>
  </GherkinStep>
  <GherkinStep pattern="Titan UI is launched">
	<TestStep fullName="TitanTest.Common.TestModule.BrowserIslaunchedAndNavigatedToTitanURL">
    <Parameter name="ExpSystemType" value="Exam" />
	  <Parameter name="CoveredRequirements" value="AT-TTN-1427;AT-TTN-558"/>
	</TestStep>
  </GherkinStep>
  <GherkinStep pattern="User clicks on the setting icon on the Titan UI Page">
	<TestStep fullName="TitanTest.Common.TestModule.ClickOnSettingsIcon">
	  <Parameter name="CoveredRequirements" value="AT-TTN-1427;AT-TTN-558"/>
	</TestStep>
  </GherkinStep>
  <GherkinStep pattern="Edit button is clicked">
	<TestStep fullName="TitanTest.Common.TestModule.ClickOnEditButton">
	  <Parameter name="CoveredRequirements" value="AT-TTN-1427;AT-TTN-558"/>
	</TestStep>
  </GherkinStep>
  <GherkinStep pattern="User clicks on network menu item">
	<TestStep fullName="TitanTest.Common.TestModule.ClickOnNetworkMenuItem">
	  <Parameter name="CoveredRequirements" value="AT-TTN-1427;AT-TTN-558"/>
	</TestStep>
  </GherkinStep>
  <GherkinStep pattern="Hostname (.*), TCPPortNumber (.*) and UDPPortNumber (.*) are entered">
    <TestStep fullName="TitanTest.Common.TestModule.ConfigureNetworkParameters">
      <Parameter name="Hostname" value="{1}" />
      <Parameter name="TCPPortNumber" value="{2}" />
      <Parameter name="UDPPortNumber" value="{3}" />
    </TestStep>
  </GherkinStep>
  <GherkinStep pattern="Apply button is clicked">
	 <TestStep fullName="TitanTest.Common.TestModule.ClickOnApplyButton">
	  <Parameter name="CoveredRequirements" value="AT-TTN-1427;AT-TTN-558"/>
	 </TestStep>
  </GherkinStep>
  <GherkinStep pattern="Verify error (.*) is displayed in settings dialog">
	 <TestStep fullName="TitanTest.ConfigurationTest.TestModule.VerifyNetworkConfigurationError">
	  <Parameter name="ErrorMsg" value="{1}" />
	 </TestStep>
  </GherkinStep>
  <GherkinStep pattern="Verify Edit button is enabled in Titan UI">
	 <TestStep fullName="TitanTest.ConfigurationTest.TestModule.VerifyEditButtonEnabled">
	  <Parameter name="CoveredRequirements" value="AT-TTN-1427;AT-TTN-558"/>
	 </TestStep>
  </GherkinStep>
  <GherkinStep pattern="Verify Hostname,TCP port and UDP port fields are readonly">
	 <TestStep fullName="TitanTest.ConfigurationTest.TestModule.VerifyNetworkParameterFieldsReadonly">
	  <Parameter name="CoveredRequirements" value="AT-TTN-1427;AT-TTN-558"/>
	 </TestStep>
  </GherkinStep>
  <GherkinStep pattern="Settings dialog is closed">
	 <TestStep fullName="TitanTest.Common.TestModule.CloseSettingsDialog">
	  <Parameter name="CoveredRequirements" value="AT-TTN-1427;AT-TTN-558"/>
	 </TestStep>
  </GherkinStep>
  <GherkinStep pattern="Verify We Couldn't Connect To Apollo message is displayed in Titan UI">
	 <TestStep fullName="TitanTest.Common.TestModule.VerifyApolloDisconnectMsg">
	  <Parameter name="CoveredRequirements" value="AT-TTN-1427;AT-TTN-558"/>
	 </TestStep>
  </GherkinStep>
	<GherkinStep pattern="Verify that Titan is not connected to Apollo/signal acquisition device">
	 <TestStep fullName="TitanTest.Common.TestModule.VerifyApolloDisconnectMsg">
	  <Parameter name="CoveredRequirements" value="AT-TTN-1427;AT-TTN-558"/>
	 </TestStep>
  </GherkinStep>
  <GherkinStep pattern="Verify Vital Signs are not displayed">
	 <TestStep fullName="TitanTest.Common.TestModule.VerifyVitalSignsNotDisplayed">
	  <Parameter name="CoveredRequirements" value="AT-TTN-1427;AT-TTN-558"/>
	 </TestStep>
  </GherkinStep>
  <GherkinStep pattern="Tear Down step for hardware/firmware/protocol mismatch">
	 <TestStep fullName="TitanTest.ConfigurationTest.TestModule.TearDownHwAndFwProtclMismatch">
   <Parameter name="CoveredRequirements" value="AT-TTN-1427;AT-TTN-558"/>
	 </TestStep>
  </GherkinStep>
  <GherkinStep pattern="Titan is configured with correct hardware , firmware and protocol version FirmwareMajorVer (.*),FirmwareMinorVer (.*),HardwareMajorVer (.*),HardwareMinorVer (.*),ProtocolMajVer (.*)">
    <TestStep fullName="TitanTest.ConfigurationTest.TestModule.SetUpApolloMisbehaviourFWHWProtcl">
      <Parameter name="FirmwareMajorVer" value="{1}" />
      <Parameter name="FirmwareMinorVer" value="{2}" />
      <Parameter name="HardwareMajorVer" value="{3}" />
      <Parameter name="HardwareMinorVer" value="{4}" />
      <Parameter name="ProtocolMajVer"   value="{5}" />
   </TestStep>
 </GherkinStep>
 <GherkinStep pattern="Verify Vital parameters are received by titan">
	 <TestStep fullName="TitanTest.ConfigurationTest.TestModule.VerifyTitanReceivedVitalParam">
   <Parameter name="CoveredRequirements" value="AT-TTN-1427;AT-TTN-558"/>
	 </TestStep>
  </GherkinStep>
  <GherkinStep pattern="Verify Vital Signs are displayed in Titan monitoring screen">
	 <TestStep fullName="TitanTest.ConfigurationTest.TestModule.VerifyVitalSignsDisplayed">
   <Parameter name="CoveredRequirements" value="AT-TTN-1427;AT-TTN-558"/>
	 </TestStep>
  </GherkinStep>
  <GherkinStep pattern="Tear down step">
	 <TestStep fullName="TitanTest.Common.TestModule.TearDown">
   <Parameter name="ExpSystemType" value="Exam"/>
   <Parameter name="CoveredRequirements" value="AT-TTN-1427;AT-TTN-558"/>
	 </TestStep>
  </GherkinStep>
  <GherkinStep pattern="Apollo Simulator is started with Misbehaviour(.*)">
	<TestStep fullName="TitanTest.Common.TestModule.ApolloSimulatorStartedMisbehaviour">
   <Parameter name="Misbehaviour" value="{1}" />
	</TestStep>
  </GherkinStep>
  <GherkinStep pattern="Verify Edit button is disabled">
	<TestStep fullName="TitanTest.ConfigurationTest.TestModule.VerifyEditButtonDisabled">
   <Parameter name="CoveredRequirements" value="AT-TTN-1058;AT-TTN-558"/>
	</TestStep>
  </GherkinStep>
	<GherkinStep pattern="Hostname (.*) is entered">
	 <TestStep fullName="TitanTest.ConfigurationTest.TestModule.EnterHostName">
	<Parameter name="Hostname" value="{1}"/>
	 </TestStep>
  </GherkinStep>
  <GherkinStep pattern="Titan container is stopped">
	 <TestStep fullName="TitanTest.ConfigurationTest.TestModule.StartStopTitanContainer">
   <Parameter name="ContainerAction" value="stop"/>
	 </TestStep>
  </GherkinStep>
  <GherkinStep pattern="User clicks on TCPPortNumber">
     <TestStep fullName="TitanTest.ConfigurationTest.TestModule.ClickTcpPort">
   <Parameter name="CoveredRequirements" value="AT-TTN-1058"/>
	 </TestStep>
  </GherkinStep>
  <GherkinStep pattern="Titan container is started">
	 <TestStep fullName="TitanTest.ConfigurationTest.TestModule.StartStopTitanContainer">
   <Parameter name="ContainerAction" value="start"/>
	 </TestStep>
  </GherkinStep>
  <GherkinStep pattern="Verify We Couldn't Connect To Titan message is displayed in Titan UI">
	 <TestStep fullName="TitanTest.Common.TestModule.VerifyTitanDisconnectMsg">
   <Parameter name="CoveredRequirements" value="AT-TTN-1058"/>
	 </TestStep>
  </GherkinStep>
  <GherkinStep pattern="Verify Settings Icon is enabled">
	  <TestStep fullName="TitanTest.Common.TestModule.VerifySettingsIconEnabled">
	  <Parameter name="CoveredRequirements" value="AT-TTN-1699"/>
	  </TestStep>
  </GherkinStep>
  <GherkinStep pattern="Verify Connection parameters are populated with correct data">
	  <TestStep fullName="TitanTest.ConfigurationTest.TestModule.VerifyNtwkParamInStorageAndUI">
	  <Parameter name="CoveredRequirements" value="AT-TTN-1699"/>
	  </TestStep>
  </GherkinStep>
   <GherkinStep pattern="Verify that Titan is not connected to Apollo/signal acquisition device">
	 <TestStep fullName="TitanTest.Common.TestModule.ApolloSimulatorStopped">
   <Parameter name="CoveredRequirements" value="AT-TTN-1058"/>
	 </TestStep>
  </GherkinStep>
  <GherkinStep pattern="User clicks on System information menu item in settings dialog">
	 <TestStep fullName="TitanTest.Common.TestModule.ClickOnSystemInfoMenuItem">
   <Parameter name="CoveredRequirements" value="AT-TTN-2079"/>
	 </TestStep>
  </GherkinStep>
  <GherkinStep pattern="Verify Titan System information is displayed in Titan UI">
	 <TestStep fullName="TitanTest.ConfigurationTest.TestModule.VerifyTitanSysInfo">
   <Parameter name="ConnectionStatus" value="NotConnected"/>
   <Parameter name="CoveredRequirements" value="AT-TTN-2079"/>
	 </TestStep>
  </GherkinStep>
  <GherkinStep pattern="Verify Titan System information is displayed in Titan UI is same as displayed earlier">
	 <TestStep fullName="TitanTest.ConfigurationTest.TestModule.VerifyTitanSysInfo">
   <Parameter name="ConnectionStatus" value="Connected"/>
   <Parameter name="CoveredRequirements" value="AT-TTN-2079"/>
	 </TestStep>
  </GherkinStep>
  <GherkinStep pattern="Titan is restarted">
	 <TestStep fullName="TitanTest.ConfigurationTest.TestModule.VerifyTitanIsRestarted">
   <Parameter name="CoveredRequirements" value="AT-TTN-2079"/>
	 </TestStep>
  </GherkinStep>
</Mapping>