<?xml version="1.0" encoding="utf-8"?>
<Mapping>
	<GherkinStep pattern="Titan configured with apollo successfully done">
		<TestStep fullName="TitanTest.Common.TestModule.ApolloTitanPairing">
			<Parameter name="CoveredRequirements" value="AT-TTN-550;AT-TTN-558"/>
		</TestStep>
	</GherkinStep>
	<GherkinStep pattern="Browser is launched and Navigated to Titan URL">
		<TestStep fullName="TitanTest.Common.TestModule.BrowserIslaunchedAndNavigatedToTitanURL">
			<Parameter name="CoveredRequirements" value="AT-TTN-550;AT-TTN-558"/>
			<Parameter name="ExpSystemType" value="Exam" />
		</TestStep>
	</GherkinStep>
	<GherkinStep pattern="User clicks on the User Identifier option on the Titan home Page">
		<TestStep fullName="TitanTest.NlsTest.TestSteps.UserClicksOnUserIdentifierOption">
			<Parameter name="CoveredRequirements" value="AT-TTN-550;AT-TTN-558"/>
		</TestStep>
	</GherkinStep>
	<GherkinStep pattern="Verify User Menu drop down list is displayed">
		<TestStep fullName="TitanTest.NlsTest.TestSteps.VerifyUserMenuDropDownList">
			<Parameter name="CoveredRequirements" value="AT-TTN-550;AT-TTN-558"/>
		</TestStep>
	</GherkinStep>
	<GherkinStep pattern="User mouse hovers on the Language selection menu item from User Menu drop down list">
		<TestStep fullName="TitanTest.NlsTest.TestSteps.MouseHoverOnLanguageSelectionLabel">
			<Parameter name="CoveredRequirements" value="AT-TTN-550;AT-TTN-558"/>
		</TestStep>
	</GherkinStep>
	<GherkinStep pattern="Verify language menu is displayed">
		<TestStep fullName="TitanTest.NlsTest.TestSteps.LanguageMenuIsDisplayed">
			<Parameter name="CoveredRequirements" value="AT-TTN-550;AT-TTN-558"/>
		</TestStep>
	</GherkinStep>
	<GherkinStep pattern="Verify English Language is highlighted in the language menu">
		<TestStep fullName="TitanTest.NlsTest.TestSteps.EnglishLanguageIsHighligted">
			<Parameter name="CoveredRequirements" value="AT-TTN-550;AT-TTN-558"/>
		</TestStep>
	</GherkinStep>
	<GherkinStep pattern="English Language is displayed as part of the User Menu Language Label">
		<TestStep fullName="TitanTest.NlsTest.TestSteps.EnglishLanguageUserMenuLabel">
			<Parameter name="CoveredRequirements" value="AT-TTN-550;AT-TTN-558"/>
		</TestStep>
	</GherkinStep>
	<GherkinStep pattern="User selects (.*) from the language menu">
		<TestStep fullName="TitanTest.NlsTest.TestSteps.UserSelectLanguageFromLanguageMenu">
			<Parameter name="Language" value="{1}"/>
		</TestStep>
	</GherkinStep>
	<GherkinStep pattern="Verify (.*) is selected">
		<TestStep fullName="TitanTest.NlsTest.TestSteps.VerifyLanguageIsSelected">
			<Parameter name="Language" value="{1}"/>
		</TestStep>
	</GherkinStep>
	<GherkinStep pattern="Selected (.*) Language is displayed as part of the User Menu Language Label">
		<TestStep fullName="TitanTest.NlsTest.TestSteps.VerifyLanguageisDisplayedInLanguageLabel">
			<Parameter name="Language" value="{1}"/>
		</TestStep>
	</GherkinStep>
	<GherkinStep pattern="Tear down step">
		<TestStep fullName="TitanTest.Common.TestModule.TearDown">
			<Parameter name="CoveredRequirements" value="AT-TTN-550;AT-TTN-558"/>
		</TestStep>
	</GherkinStep>
	<GherkinStep pattern="SpO2 Probe connect and disconnect behavior is simulated with a raw file '(.*)'">
		<TestStep fullName="TitanTest.NlsTest.TestSteps.ApolloSimulatorIsStartedWithErroneousSpO2RawFile">
			<Parameter name="ErroneousSpO2RawFile" value="{1}"/>
		</TestStep>
	</GherkinStep>
	<GherkinStep pattern="User get notified with Message (.*) on UI for Probe disconnected Status">
		<TestStep fullName="TitanTest.NlsTest.TestSteps.SpO2StatusMessageCheck">
			<Parameter name="Message" value="{1}"/>
		</TestStep>
	</GherkinStep>
	<GherkinStep pattern="Apollo simulator is started">
		<TestStep fullName="TitanTest.Common.TestModule.ApolloSimulatorIsStarted">
			<Parameter name="CoveredRequirements" value="AT-TTN-550;AT-TTN-558"/>
		</TestStep>
	</GherkinStep>
	<GherkinStep pattern="User clicks on the setting icon as (.*) selected on the Titan UI Page">
		<TestStep fullName="TitanTest.NlsTest.TestSteps.ClickOnSettingsIconOnLanguageSelection">
			<Parameter name="Language" value="{1}"/>
			<Parameter name="CoveredRequirements" value="AT-TTN-550;AT-TTN-558"/>
		</TestStep>
	</GherkinStep>
	<GherkinStep pattern="Edit button is clicked">
		<TestStep fullName="TitanTest.Common.TestModule.ClickOnEditButton">
			<Parameter name="CoveredRequirements" value="AT-TTN-550;AT-TTN-558"/>
		</TestStep>
	</GherkinStep>
	<GherkinStep pattern="Hostname (.*), TCPPortNumber (.*) and UDPPortNumber (.*) are entered">
		<TestStep fullName="TitanTest.Common.TestModule.ConfigureNetworkParameters">
			<Parameter name="Hostname" value="{1}"/>
			<Parameter name="TCPPortNumber" value="{2}"/>
			<Parameter name="UDPPortNumber" value="{3}"/>
		</TestStep>
	</GherkinStep>
	<GherkinStep pattern="Apollo simulator is stopped">
		<TestStep fullName="TitanTest.Common.TestModule.ApolloSimulatorStopped">
			<Parameter name="CoveredRequirements" value="AT-TTN-550;AT-TTN-558"/>
		</TestStep>
	</GherkinStep>
	<GherkinStep pattern="Apply button is clicked">
		<TestStep fullName="TitanTest.Common.TestModule.ClickOnApplyButton">
			<Parameter name="CoveredRequirements" value="AT-TTN-550;AT-TTN-558"/>
		</TestStep>
	</GherkinStep>
	<GherkinStep pattern="Verify error (.*) is displayed in settings dialog">
		<TestStep fullName="TitanTest.NlsTest.TestSteps.ConfigurationPageErrorMessage">
			<Parameter name="TestErrorMessage" value="{1}"/>
		</TestStep>
	</GherkinStep>
	<GherkinStep pattern="All Client connections are degraded for '(.*)' sec">
		<TestStep fullName="TitanTest.NlsTest.TestSteps.ClientConnectionsAreDegradedForXSec">
			<Parameter name="CoveredRequirements" value="AT-TTN-550;AT-TTN-558"/>
			<Parameter name="ControlCommand" value="5"/>
			<Parameter name="TimePeriod" value="{1}"/>
		</TestStep>
	</GherkinStep>
	<GherkinStep pattern="Titan should notify user with with Modal Dialog (.*) label on the UI with icon type as (.*) and with ErrorText (.*) in both (.*) and (.*) Room">
		<TestStep fullName="TitanTest.NlsTest.TestSteps.NotificationMessageOnImpactedClient">
			<Parameter name="NetworkErrorModalDialogLabel" value="{1}" />
			<Parameter name="IconType" value="{2}" />
			<Parameter name="ErrorText" value="{3}" />
			<Parameter name="ImpactedSystem1" value="{4}" />
			<Parameter name="ImpactedSystem2" value="{5}" />
		</TestStep>
	</GherkinStep>
	<GherkinStep pattern="User selects language (.*) from user identifier option">
		<TestStep fullName="TitanTest.NlsTest.TestSteps.SelectLanguageFromUserIdentifierOption">
			<Parameter name="Language" value="{1}" />
			<Parameter name="SystemRoomType" value="Exam" />
		</TestStep>
	</GherkinStep>
	<GherkinStep pattern="Titan UI is visible with monitoring screen">
		<TestStep fullName="TitanTest.Common.TestModule.TitanHomepageIsVisibleWithParameterArea">
			<Parameter name="CoveredRequirements" value="AT-TTN-550;AT-TTN-558"/>
		</TestStep>
	</GherkinStep>
	<GherkinStep pattern="Browser is launched and navigated to Titan webpage URL in (.*) room">
		<TestStep fullName="TitanTest.Common.TestModule.BrowserIslaunchedAndNavigatedToTitanURL">
			<Parameter name="ExpSystemType" value="{1}" />
			<Parameter name="CoveredRequirements" value="AT-TTN-550;AT-TTN-558"/>
		</TestStep>
	</GherkinStep>
	<GherkinStep pattern="User selects language (.*) from user identifier option in (.*) room">
		<TestStep fullName="TitanTest.NlsTest.TestSteps.SelectLanguageFromUserIdentifierOption">
			<Parameter name="Language" value="{1}" />
			<Parameter name="SystemRoomType" value="{2}" />
		</TestStep>
	</GherkinStep>
	<GherkinStep pattern="Vital parameter value is represented as three dashes '(.*)' in (.*) Room">
		<TestStep fullName="TitanTest.Common.TestModule.VerifyVitalValueIsThreeDashes">
			<Parameter name="VitalValue" value="{1}" />
			<Parameter name="ExpSystemType" value="{2}" />
		</TestStep>
	</GherkinStep>
	<GherkinStep pattern="Browser actions (.*) are simulated">
		<TestStep fullName="TitanTest.NlsTest.TestSteps.BrowserActionsAreSimulated">
			<Parameter name="BrowserActions" value="{1}" />
		</TestStep>
	</GherkinStep>
	<GherkinStep pattern="Browser is re-launched and Navigated to Titan URL">
		<TestStep fullName="TitanTest.Common.TestModule.BrowserIslaunchedAndNavigatedToTitanURL">
			<Parameter name="CoveredRequirements" value="AT-TTN-550;AT-TTN-558"/>
			<Parameter name="ExpSystemType" value="Exam" />
		</TestStep>
	</GherkinStep>
	<GherkinStep pattern="Verify pre-selected (.*) Language is displayed as part of the User Menu Language Label">
		<TestStep fullName="TitanTest.NlsTest.TestSteps.VerifyLanguageisDisplayedInLanguageLabel">
			<Parameter name="Language" value="{1}"/>
		</TestStep>
	</GherkinStep>
	<GherkinStep pattern="Titan container is (.*)">
		<TestStep fullName="TitanTest.Common.TestModule.TitanContainerAction">
			<Parameter name="ContainerActions" value="{1}"/>
		</TestStep>
	</GherkinStep>
	<GherkinStep pattern="Verify Titan disconnect message (.*) is displayed in Titan UI">
		<TestStep fullName="TitanTest.NlsTest.TestSteps.VerifyTitanDisconnectMessage">
			<Parameter name="TitanDisconnectMessages" value="{1}"/>
		</TestStep>
	</GherkinStep>
	<GherkinStep pattern="Verify Apollo disconnect message (.*) is displayed in Titan UI">
		<TestStep fullName="TitanTest.NlsTest.TestSteps.VerifyApolloDisconnectMessage">
			<Parameter name="ApolloDisconnectMessage" value="{1}"/>
		</TestStep>
	</GherkinStep>
	<GherkinStep pattern="User selects language (.*) from user menu">
		<TestStep fullName="TitanTest.NlsTest.TestSteps.SelectLanguageFromUserIdentifierOption">
			<Parameter name="Language" value="{1}" />
			<Parameter name="SystemRoomType" value="Exam" />
		</TestStep>
	</GherkinStep>
	<GherkinStep pattern="Navigate to Titan URL in new browser tab">
		<TestStep fullName="TitanTest.NlsTest.TestSteps.NavigateUrlInNewTab">
		</TestStep>
	</GherkinStep>
	<GherkinStep pattern="Verify (.*) Language is displayed as part of the User Menu Language Label">
		<TestStep fullName="TitanTest.NlsTest.TestSteps.VerifyLanguageisDisplayedInLanguageLabel">
			<Parameter name="Language" value="{1}"/>
		</TestStep>
	</GherkinStep>
	<GherkinStep pattern="Verify pre-selected (.*) Language is displayed as part of the User Menu Language Label in (.*) and (.*) room">
		<TestStep fullName="TitanTest.NlsTest.TestSteps.VerifyPreSelectedLanguageisDisplayedOnRoom">
			<Parameter name="Language" value="{1}"/>
			<Parameter name="ImpactedSystem1" value="{2}"/>
			<Parameter name="ImpactedSystem2" value="{3}"/>
		</TestStep>
	</GherkinStep>
	<GherkinStep pattern="Verify that No Trusted host device name is available in the Trusted Host list">
		<TestStep fullName="TitanTest.NlsTest.TestSteps.VerifyStaticTrustedDevicePage">
			<Parameter name="CoveredRequirements" value="AT-TTN-550;AT-TTN-558"/>
		</TestStep>
	</GherkinStep>
	<GherkinStep pattern="User clicks on the settings icon in the Titan UI Page">
		<TestStep fullName="TitanTest.Common.TestModule.ClickOnSettingsIcon">
			<Parameter value="AT-TTN-550;AT-TTN-558" name="CoveredRequirements"/>
		</TestStep>
	</GherkinStep>
	<GherkinStep pattern="User clicks on Device and User Management menu item">
		<TestStep fullName="TitanTest.Common.TestModule.ClickOnDeviceAndUserManagementMenuItem">
			<Parameter value="AT-TTN-550;AT-TTN-558" name="CoveredRequirements"/>
		</TestStep>
	</GherkinStep>
	<GherkinStep pattern="User clicks on the Add Device button in the Trusted Device dialog">
		<TestStep fullName="TitanTest.NlsTest.TestSteps.ClickOnAddDeviceButton">
		</TestStep>
	</GherkinStep>
	<GherkinStep pattern="User enters device name (.*) under Add Device dialog">
		<TestStep fullName="TitanTest.NlsTest.TestSteps.AddTrustedHostDeviceNameInput">
			<Parameter name="Hostname" value="{1}"/>
		</TestStep>
	</GherkinStep>
	<GherkinStep pattern="User clicks on the Add button">
		<TestStep fullName="TitanTest.NlsTest.TestSteps.ClickOnAddButtonOnAddThisDevice">
		</TestStep>
	</GherkinStep>
	<GherkinStep pattern="Verify that added (.*) name is visible at the top of the Trusted Devices list with datestamp">
		<TestStep fullName="TitanTest.NlsTest.TestSteps.VerifyAddedUserInTrustedDeviceListOnTop">
			<Parameter name="Hostname" value="{1}"/>
		</TestStep>
	</GherkinStep>
	<GherkinStep pattern="Verify preexisting Hostname are availble in the trusted device list">
		<TestStep fullName="TitanTest.NlsTest.TestSteps.VerifyUpdatedTrustedDeviceList">
		</TestStep>
	</GherkinStep>
	<GherkinStep pattern="Verify Trusted Device dialog is displayed">
		<TestStep fullName="TitanTest.NlsTest.TestSteps.VerifyTrustedDeviceDialogIsDisplayed">
		</TestStep>
	</GherkinStep>
	<GherkinStep pattern="User enters the (.*) in the Device Name input field text on the Add This Device dialog">
		<TestStep fullName="TitanTest.NlsTest.TestSteps.AddTrustedHostDeviceNameInput">
			<Parameter name="Hostname" value="{1}"/>
		</TestStep>
	</GherkinStep>
	<GherkinStep pattern="Add workflow is canceled by actions (.*)">
		<TestStep fullName="TitanTest.NlsTest.TestSteps.VerifyCancelledByAction">
			<Parameter name="ActionsOnAddThisDevice" value="{1}"/>
		</TestStep>
	</GherkinStep>
	<GherkinStep pattern="Verify User entered Trusted host device name (.*) is not displayed in Trusted Device list">
		<TestStep fullName="TitanTest.NlsTest.TestSteps.VerifyTrustedHostDeviceNameisNotDisplayed">
			<Parameter name="UserEnteredHostname" value="{1}"/>
		</TestStep>
	</GherkinStep>
</Mapping>