<?xml version="1.0" encoding="utf-8"?>
<Mapping>
	<GherkinStep pattern="Browser is launched and navigated to Titan UI">
		<TestStep fullName="TitanTest.Common.TestModule.BrowserIslaunchedAndNavigatedToTitanURL">
      <Parameter name="ExpSystemType" value="Exam" />
		</TestStep>
	</GherkinStep>
	<GherkinStep pattern="Titan UI is visible with monitoring screen">
		<TestStep fullName="TitanTest.Common.TestModule.TitanHomepageIsVisibleWithParameterArea">
      <Parameter name="ExpSystemType" value="Exam" />
		</TestStep>
	</GherkinStep>
	<GherkinStep pattern="Tear down step">
		<TestStep fullName="TitanTest.Common.TestModule.TearDown">
		</TestStep>
	</GherkinStep>
	<GherkinStep pattern="Titan configured with apollo successfully done">
		<TestStep fullName="TitanTest.Common.TestModule.ApolloTitanPairing">
		</TestStep>
	</GherkinStep>
	<GherkinStep pattern="Apollo Simulator is started with (.*)">
		<TestStep fullName="TitanTest.Common.TestModule.ApolloSimulatorIsStartedWithErrorCode">
			<Parameter name="PacketsDrop" value="{1}" />
		</TestStep>
	</GherkinStep>
	<GherkinStep pattern="Verify HR parameter value in monitoring screen is represented as three dashes (.*)">
		<TestStep fullName="TitanTest.Common.TestModule.VerifyHRValueGoesToThreeDashes">
      <Parameter name="ExpSystemType" value="Exam" />
			<Parameter name="HRValue" value="---" />
		</TestStep>
	</GherkinStep>
	<GherkinStep pattern="Verify SpO2 parameter value in monitoring screen is represented as three dashes (.*)">
		<TestStep fullName="TitanTest.Common.TestModule.VerifySpO2ValueGoesToThreeDashes">
      <Parameter name="ExpSystemType" value="Exam" />
			<Parameter name="SpO2Value" value="{1}" />
		</TestStep>
	</GherkinStep>
	<GherkinStep pattern="Apollo Simulator is started">
		<TestStep fullName="TitanTest.Common.TestModule.ApolloSimulatorIsStarted">
		</TestStep>
	</GherkinStep>
	<GherkinStep pattern="Packet misbehaviours (.*) is simulated in titan for duration (.*) sec">
		<TestStep fullName="TitanTest.Common.TestModule.SensControlRequestToSignalPipeline">
			<Parameter name="ControlCommand" value="{1}" />
			<Parameter name="TimePeriod" value="{2}" />
		</TestStep>
	</GherkinStep>
	<GherkinStep pattern="Stop Packet Misbehaviours">
		<TestStep fullName="TitanTest.VitalSignsTest.TestSteps.StopSignalPipelineMisbehaviour">
		</TestStep>
	</GherkinStep>
	 <GherkinStep pattern="Browser is launched and navigated to Titan webpage URL in (.*) room">
    <TestStep fullName="TitanTest.Common.TestModule.BrowserIslaunchedAndNavigatedToTitanURL">
      <Parameter name="ExpSystemType" value="{1}" />
    </TestStep>
  </GherkinStep>
  <GherkinStep pattern="Titan UI is visible with monitoring screen on (.*) room">
    <TestStep fullName="TitanTest.Common.TestModule.TitanHomepageIsVisibleWithParameterArea">
      <Parameter name="ExpSystemType" value="{1}" />
    </TestStep>
  </GherkinStep>
  <GherkinStep pattern="One Client (.*) connection is degraded for (.*) sec">
    <TestStep fullName="TitanTest.Common.TestModule.SendControlRequestToWorkflowController">
      <Parameter name="ControlCommand" value="{1}" />
      <Parameter name="TimePeriod" value="{2}" />
    </TestStep>
  </GherkinStep>
  <GherkinStep pattern="Verify HR value in (.*) client is represented as three dashes (.*) and HR value in (.*) client is real time Value">
    <TestStep fullName="TitanTest.Common.TestModule.VerifyHRValueInImpactedandNonImpactedClient">
      <Parameter name="ImpactedSystem" value="{1}" />
      <Parameter name="HRValue" value="{2}" />
      <Parameter name="NonImpactedSystem" value="{3}" />
    </TestStep>
  </GherkinStep>
  <GherkinStep pattern="Verify SpO2 value in (.*) client is represented as three dashes (.*) and SpO2 value in (.*) client is real time Value">
    <TestStep fullName="TitanTest.Common.TestModule.VerifySpO2ValueInImpactedandNonImpactedClient">
      <Parameter name="ImpactedSystem" value="{1}" />
      <Parameter name="SpO2Value" value="{2}" />
      <Parameter name="NonImpactedSystem" value="{3}" />
    </TestStep>
  </GherkinStep>
  <GherkinStep pattern="Client (.*) connection is degraded for (.*) sec">
    <TestStep fullName="TitanTest.Common.TestModule.SendControlRequestToWorkflowController">
      <Parameter name="ControlCommand" value="{1}" />
      <Parameter name="TimePeriod" value="{2}" />
    </TestStep>
  </GherkinStep>
  <GherkinStep pattern="Client network got (.*) recovered">
    <TestStep fullName="TitanTest.Common.TestModule.SendControlRequestToWorkflowController">
      <Parameter name="ControlCommand" value="{1}" />
      <Parameter name="TimePeriod" value="10" />
    </TestStep>
  </GherkinStep>
  <GherkinStep pattern="All Client (.*) connection are degraded for (.*) sec">
    <TestStep fullName="TitanTest.Common.TestModule.SendControlRequestToWorkflowController">
      <Parameter name="ControlCommand" value="{1}" />
      <Parameter name="TimePeriod" value="{2}" />
    </TestStep>
  </GherkinStep>
  <GherkinStep pattern="Vital parameter value is represented as three dashes (.*) in (.*) Room">
    <TestStep fullName="TitanTest.Common.TestModule.VerifyVitalValueIsThreeDashes">
      <Parameter name="VitalValue" value="{1}" />
      <Parameter name="ExpSystemType" value="{2}" />
    </TestStep>
  </GherkinStep>
  <GherkinStep pattern="Vital Parameter value is displayed in the Titan UI">
    <TestStep fullName="TitanTest.Common.TestModule.VerifyVitalsValue">
      <Parameter name="ExpSystemType" value="Exam" />
    </TestStep>
  </GherkinStep>
    <GherkinStep pattern="stop workflow">
      <TestStep fullName="TitanTest.VitalSignsTest.TestSteps.StopWorkflowControllerMisbehaviour">
      </TestStep>
    </GherkinStep>
  <GherkinStep pattern="Modal dialog goes away">
    <TestStep fullName="TitanTest.Common.TestModule.VerifyNoNetworkModelDialog">
    </TestStep>
  </GherkinStep>
  <GherkinStep pattern="Splash screen displays the Product Detail">
    <TestStep fullName="TitanTest.Common.TestModule.SplashScreenIsVisible">
    </TestStep>
  </GherkinStep>
  <GherkinStep pattern="Apollo simulator is started with clinical scenario csv file (.*)">
    <TestStep fullName="TitanTest.Common.TestModule.ApolloSimulatorIsStartedWithCsvFile">
      <Parameter name="CsvFile" value="{1}" />
    </TestStep>
  </GherkinStep>
  <GherkinStep pattern="All the HR values mentioned in (.*) are displayed in Titan UI">
    <TestStep fullName="TitanTest.Common.TestModule.ContinousHR">
      <Parameter name="HRList" value="{1}" />
    </TestStep>
  </GherkinStep>
  <GherkinStep pattern="All the HR values mentioned in (.*) are displayed in (.*) room">
  <TestStep fullName="TitanTest.Common.TestModule.ContinousHR">
    <Parameter name="HRList" value="{1}" />
    <Parameter name="systemType" value="{2}" />
    <Parameter name="CoveredRequirements" value="AT-TTN-550;AT-TTN-558"/>
  </TestStep>
  </GherkinStep>
  <GherkinStep pattern="Titan homepage is visible">
    <TestStep fullName="TitanTest.Common.TestModule.TitanHomePageIsVisible">
    </TestStep>
  </GherkinStep>
  <GherkinStep pattern="Page should display with Message displayed as &quot;(.*)&quot;">
    <TestStep fullName="TitanTest.Common.TestModule.VerifyApolloDisconnectMsg">
      <Parameter name="staticpage" value="We Couldn&apos;t Connect To Apollo" />
    </TestStep>
  </GherkinStep>
  <GherkinStep pattern="Verify Titan UI notify user with Modal Dialog (.*) label with icon Type as (.*) with ErrorText (.*) in the (.*) client and No message found in (.*) client">
    <TestStep fullName="TitanTest.Common.TestModule.VerifyNetworkErrorModelDialogInImpactedandNonImpactedClient">
      <Parameter name="NetworkErrorModalDialogLabel" value="{1}"/>
      <Parameter name="IconType" value="{2}" />
      <Parameter name="ErrorText" value="{3}" />
      <Parameter name="ImpactedSystem" value="{4}" />
      <Parameter name="NonImpactedSystem" value="{5}" />
    </TestStep>
  </GherkinStep>
  <GherkinStep pattern="Verify Titan UI notify user with Modal Dialog (.*) label with icon Type as (.*) with ErrorText (.*) in both (.*) and (.*) Room">
    <TestStep fullName="TitanTest.Common.TestModule.VerifyNetworkErrorModelDialogInBothClient">
      <Parameter name="NetworkErrorModalDialogLabel" value="{1}"/>
      <Parameter name="IconType" value="{2}" />
      <Parameter name="ErrorText" value="{3}" />
      <Parameter name="ImpactedSystem1" value="{4}" />
      <Parameter name="ImpactedSystem2" value="{5}" />
    </TestStep>
  </GherkinStep>
  <GherkinStep pattern="Verify Titan UI notify user with Modal Dialog (.*) label with icon Type as (.*) with ErrorText (.*)">
    <TestStep fullName="TitanTest.Common.TestModule.VerifyNetworkErrorModelDialogInOneClient">
      <Parameter name="ImpactedSystem" value="Exam" />
      <Parameter name="NetworkErrorModalDialogLabel" value="{1}" />
      <Parameter name="IconType" value="{2}" />
      <Parameter name="ErrorText" value="{3}" />
    </TestStep>
  </GherkinStep>
  <GherkinStep pattern="Verify Titan UI displays (.*) gridlines">
    <TestStep fullName="TitanTest.Common.TestModule.VerifyIBPGridLinesDisplayed">
     <Parameter name="ExpectedNumberOfGridlInes" value="{1}" />
    </TestStep>
  </GherkinStep>
  <GherkinStep pattern="Verify Titan UI displays (.*) for alternate gridlines indicating the pressure range">
    <TestStep fullName="TitanTest.Common.TestModule.VerifyIBPGridLinesLabelDisplayed">
      <Parameter name="GridLineLabel" value="{1}" />
    </TestStep>
  </GherkinStep><GherkinStep pattern="Verify Titan UI displays (.*) for connected IBP waveforms">
    <TestStep fullName="TitanTest.Common.TestModule.VerifyIBPWaveformLabelDisplayed">
      <Parameter name="IBPWaveformLabel" value="{1}" />
    </TestStep>
  </GherkinStep>
  <GherkinStep pattern="Titan UI is launched">
    <TestStep fullName="TitanTest.Common.TestModule.TitanUILaunched">
     <Parameter name="ExpSystemType" value="Exam" />
    </TestStep>
  </GherkinStep>
</Mapping>